<?xml version="1.0" encoding="UTF-8"?>
<project-private xmlns="http://www.netbeans.org/ns/project-private/1">
    <editor-bookmarks xmlns="http://www.netbeans.org/ns/editor-bookmarks/2" lastBookmarkId="0"/>
    <open-files xmlns="http://www.netbeans.org/ns/projectui-open-files/2">
        <group>
            <file>file:/D:/Team13CS246ZIS/VoLeTanThanh_1259/ThucHanh1/src/thuchanh1/FormHieu.java</file>
            <file>file:/D:/Team13CS246ZIS/VoLeTanThanh_1259/ThucHanh1/src/thuchanh1/ThucHanh1.java</file>
            <file>file:/D:/Team13CS246ZIS/VoLeTanThanh_1259/ThucHanh1/src/thuchanh1/FormNhan.java</file>
            <file>file:/D:/Team13CS246ZIS/VoLeTanThanh_1259/ThucHanh1/src/thuchanh1/FormChinh.java</file>
            <file>file:/D:/Team13CS246ZIS/VoLeTanThanh_1259/ThucHanh1/src/thuchanh1/FormChia.java</file>
            <file>file:/D:/Team13CS246ZIS/VoLeTanThanh_1259/ThucHanh1/src/thuchanh1/FormCong.java</file>
        </group>
    </open-files>
</project-private>
